-- Generated by scripts/export-json-to-postgres.js
-- Generated at 2026-06-11T10:53:56.902Z
BEGIN;
SET CONSTRAINTS ALL DEFERRED;
INSERT INTO app_users (username, password_hash, pfp_url, banner_url, about, is_premium, is_admin, two_factor_secret, two_factor_enabled, privacy_settings, screen_time, cyberbite_stats, metadata) VALUES ('/admin_1', '$2b$10$3epgPfK4DHuArLZkNSccOep.J2W/1R3BJ5Cx52n/5wRSh5m6zn9Qy', '/pfps/d3f472e5d2dcb518c07e141c5ed8d9be', NULL, 'the developer', false, true, 'K4XUS4CNEUXEMLRPOAXFAJBKKJHV42Z4NESGCY22OE7GSUZPKZ4A', false, '{"dmPermission":"everyone","lastSeen":"everyone","readReceipts":"everyone","slashVisibility":"everyone","reslashPermission":"everyone","replyPermission":"everyone"}'::jsonb, '{"limitEnabled":false,"limitHours":2,"limitMinutes":0,"history":{"2026-06-10":{"minutes":11},"2026-06-11":{"minutes":0}}}'::jsonb, '{}'::jsonb, '{}'::jsonb) ON CONFLICT DO NOTHING;
INSERT INTO media_assets (owner_username, storage_key, public_url, media_kind, mime_type, original_name, byte_size, metadata) VALUES ('/admin_1', 'pfps/d3f472e5d2dcb518c07e141c5ed8d9be', '/pfps/d3f472e5d2dcb518c07e141c5ed8d9be', 'avatar', NULL, NULL, NULL, '{}'::jsonb) ON CONFLICT DO NOTHING;
INSERT INTO app_users (username, password_hash, pfp_url, banner_url, about, is_premium, is_admin, two_factor_secret, two_factor_enabled, privacy_settings, screen_time, cyberbite_stats, metadata) VALUES ('/user_1', '$2b$10$CwYtJis2nEjktxvmuJy/.eFEW6yBAivekx6eigIMVFQrKZAFhrbUC', NULL, NULL, 'New user', false, false, 'HBCFUUDVJNBW4WBJIYTF4TCLG5WTKNJEGRDEITTXGV2CKUJYGI4A', false, '{"dmPermission":"everyone","lastSeen":"everyone","readReceipts":"everyone","slashVisibility":"everyone","reslashPermission":"everyone","replyPermission":"everyone"}'::jsonb, '{"limitEnabled":false,"limitHours":2,"limitMinutes":0,"history":{"2026-06-11":{"minutes":0}}}'::jsonb, '{}'::jsonb, '{}'::jsonb) ON CONFLICT DO NOTHING;
INSERT INTO app_users (username, password_hash, pfp_url, banner_url, about, is_premium, is_admin, two_factor_secret, two_factor_enabled, privacy_settings, screen_time, cyberbite_stats, metadata) VALUES ('/admin1', NULL, NULL, NULL, '', false, true, NULL, false, '{}'::jsonb, '{}'::jsonb, '{}'::jsonb, '{"migratedStub":true}'::jsonb) ON CONFLICT DO NOTHING;
INSERT INTO app_users (username, password_hash, pfp_url, banner_url, about, is_premium, is_admin, two_factor_secret, two_factor_enabled, privacy_settings, screen_time, cyberbite_stats, metadata) VALUES ('/admin2', NULL, NULL, NULL, '', false, true, NULL, false, '{}'::jsonb, '{}'::jsonb, '{}'::jsonb, '{"migratedStub":true}'::jsonb) ON CONFLICT DO NOTHING;
INSERT INTO app_users (username, password_hash, pfp_url, banner_url, about, is_premium, is_admin, two_factor_secret, two_factor_enabled, privacy_settings, screen_time, cyberbite_stats, metadata) VALUES ('/admin_4', NULL, NULL, NULL, '', false, true, NULL, false, '{}'::jsonb, '{}'::jsonb, '{}'::jsonb, '{"migratedStub":true}'::jsonb) ON CONFLICT DO NOTHING;
INSERT INTO app_users (username, password_hash, pfp_url, banner_url, about, is_premium, is_admin, two_factor_secret, two_factor_enabled, privacy_settings, screen_time, cyberbite_stats, metadata) VALUES ('/user_2', NULL, NULL, NULL, '', false, false, NULL, false, '{}'::jsonb, '{}'::jsonb, '{}'::jsonb, '{"migratedStub":true}'::jsonb) ON CONFLICT DO NOTHING;
INSERT INTO app_users (username, password_hash, pfp_url, banner_url, about, is_premium, is_admin, two_factor_secret, two_factor_enabled, privacy_settings, screen_time, cyberbite_stats, metadata) VALUES ('/user_3', NULL, NULL, NULL, '', false, false, NULL, false, '{}'::jsonb, '{}'::jsonb, '{}'::jsonb, '{"migratedStub":true}'::jsonb) ON CONFLICT DO NOTHING;
INSERT INTO app_users (username, password_hash, pfp_url, banner_url, about, is_premium, is_admin, two_factor_secret, two_factor_enabled, privacy_settings, screen_time, cyberbite_stats, metadata) VALUES ('/user_19', NULL, NULL, NULL, '', false, false, NULL, false, '{}'::jsonb, '{}'::jsonb, '{}'::jsonb, '{"migratedStub":true}'::jsonb) ON CONFLICT DO NOTHING;
INSERT INTO app_users (username, password_hash, pfp_url, banner_url, about, is_premium, is_admin, two_factor_secret, two_factor_enabled, privacy_settings, screen_time, cyberbite_stats, metadata) VALUES ('/user_5', NULL, NULL, NULL, '', false, false, NULL, false, '{}'::jsonb, '{}'::jsonb, '{}'::jsonb, '{"migratedStub":true}'::jsonb) ON CONFLICT DO NOTHING;
INSERT INTO app_users (username, password_hash, pfp_url, banner_url, about, is_premium, is_admin, two_factor_secret, two_factor_enabled, privacy_settings, screen_time, cyberbite_stats, metadata) VALUES ('/user_8', NULL, NULL, NULL, '', false, false, NULL, false, '{}'::jsonb, '{}'::jsonb, '{}'::jsonb, '{"migratedStub":true}'::jsonb) ON CONFLICT DO NOTHING;
INSERT INTO app_users (username, password_hash, pfp_url, banner_url, about, is_premium, is_admin, two_factor_secret, two_factor_enabled, privacy_settings, screen_time, cyberbite_stats, metadata) VALUES ('/user_9', NULL, NULL, NULL, '', false, false, NULL, false, '{}'::jsonb, '{}'::jsonb, '{}'::jsonb, '{"migratedStub":true}'::jsonb) ON CONFLICT DO NOTHING;
INSERT INTO app_users (username, password_hash, pfp_url, banner_url, about, is_premium, is_admin, two_factor_secret, two_factor_enabled, privacy_settings, screen_time, cyberbite_stats, metadata) VALUES ('/user_13', NULL, NULL, NULL, '', false, false, NULL, false, '{}'::jsonb, '{}'::jsonb, '{}'::jsonb, '{"migratedStub":true}'::jsonb) ON CONFLICT DO NOTHING;
INSERT INTO app_users (username, password_hash, pfp_url, banner_url, about, is_premium, is_admin, two_factor_secret, two_factor_enabled, privacy_settings, screen_time, cyberbite_stats, metadata) VALUES ('/user_16', NULL, NULL, NULL, '', false, false, NULL, false, '{}'::jsonb, '{}'::jsonb, '{}'::jsonb, '{"migratedStub":true}'::jsonb) ON CONFLICT DO NOTHING;
INSERT INTO app_users (username, password_hash, pfp_url, banner_url, about, is_premium, is_admin, two_factor_secret, two_factor_enabled, privacy_settings, screen_time, cyberbite_stats, metadata) VALUES ('/user_17', NULL, NULL, NULL, '', false, false, NULL, false, '{}'::jsonb, '{}'::jsonb, '{}'::jsonb, '{"migratedStub":true}'::jsonb) ON CONFLICT DO NOTHING;
INSERT INTO media_assets (owner_username, storage_key, public_url, media_kind, mime_type, original_name, byte_size, metadata) VALUES ('/admin1', 'uploads/1754316408286-916028227.ico', '/uploads/1754316408286-916028227.ico', 'image', NULL, NULL, NULL, '{}'::jsonb) ON CONFLICT DO NOTHING;
INSERT INTO posts (id, author_username, body, media_url, is_video, parent_id, retweet_of, quote_of, is_retweet, is_quote, is_pinned, pfp_url, views, metadata, created_at) VALUES (1754316408292, '/admin1', 'L0G 1:

Login Fixed.', '/uploads/1754316408286-916028227.ico', false, NULL, NULL, NULL, false, false, false, '/pfps/d3f472e5d2dcb518c07e141c5ed8d9be', 4, '{"id":1754316408292,"username":"/admin1","message":"L0G 1:\r\n\r\nLogin Fixed.","timestamp":1754316408292,"imageUrl":"/uploads/1754316408286-916028227.ico","pfp":"/pfps/d3f472e5d2dcb518c07e141c5ed8d9be","likes":["/admin1","/user_1"],"retweets":[],"views":4}'::jsonb, '2025-08-04T14:06:48.292Z') ON CONFLICT DO NOTHING;
INSERT INTO post_interactions (post_id, username, interaction_type) VALUES (1754316408292, '/admin1', 'like') ON CONFLICT DO NOTHING;
INSERT INTO post_interactions (post_id, username, interaction_type) VALUES (1754316408292, '/user_1', 'like') ON CONFLICT DO NOTHING;
INSERT INTO media_assets (owner_username, storage_key, public_url, media_kind, mime_type, original_name, byte_size, metadata) VALUES ('/admin1', 'uploads/1754393665360-310429561.jpeg', '/uploads/1754393665360-310429561.jpeg', 'image', NULL, NULL, NULL, '{}'::jsonb) ON CONFLICT DO NOTHING;
INSERT INTO posts (id, author_username, body, media_url, is_video, parent_id, retweet_of, quote_of, is_retweet, is_quote, is_pinned, pfp_url, views, metadata, created_at) VALUES (1754393665365, '/admin1', 'L0G 2:

Made site secure and fixed some bugs.', '/uploads/1754393665360-310429561.jpeg', false, NULL, NULL, NULL, false, false, false, '/pfps/d3f472e5d2dcb518c07e141c5ed8d9be', 4, '{"id":1754393665365,"username":"/admin1","message":"L0G 2:\r\n\r\nMade site secure and fixed some bugs.","timestamp":1754393665365,"imageUrl":"/uploads/1754393665360-310429561.jpeg","pfp":"/pfps/d3f472e5d2dcb518c07e141c5ed8d9be","likes":["/admin1","/user_1"],"retweets":[],"views":4}'::jsonb, '2025-08-05T11:34:25.365Z') ON CONFLICT DO NOTHING;
INSERT INTO post_interactions (post_id, username, interaction_type) VALUES (1754393665365, '/admin1', 'like') ON CONFLICT DO NOTHING;
INSERT INTO post_interactions (post_id, username, interaction_type) VALUES (1754393665365, '/user_1', 'like') ON CONFLICT DO NOTHING;
INSERT INTO posts (id, author_username, body, media_url, is_video, parent_id, retweet_of, quote_of, is_retweet, is_quote, is_pinned, pfp_url, views, metadata, created_at) VALUES (1754410613204, '/admin2', 'hi', NULL, false, NULL, NULL, NULL, false, false, false, '/pfps/1754410598778-193683440.jpg', 2, '{"id":1754410613204,"username":"/admin2","message":"hi","timestamp":1754410613204,"imageUrl":null,"pfp":"/pfps/1754410598778-193683440.jpg","likes":["/admin1","/user_1"],"retweets":[],"views":2}'::jsonb, '2025-08-05T16:16:53.204Z') ON CONFLICT DO NOTHING;
INSERT INTO post_interactions (post_id, username, interaction_type) VALUES (1754410613204, '/admin1', 'like') ON CONFLICT DO NOTHING;
INSERT INTO post_interactions (post_id, username, interaction_type) VALUES (1754410613204, '/user_1', 'like') ON CONFLICT DO NOTHING;
INSERT INTO media_assets (owner_username, storage_key, public_url, media_kind, mime_type, original_name, byte_size, metadata) VALUES ('/admin2', 'uploads/1754411077099-777911045.jpg', '/uploads/1754411077099-777911045.jpg', 'image', NULL, NULL, NULL, '{}'::jsonb) ON CONFLICT DO NOTHING;
INSERT INTO posts (id, author_username, body, media_url, is_video, parent_id, retweet_of, quote_of, is_retweet, is_quote, is_pinned, pfp_url, views, metadata, created_at) VALUES (1754411077777, '/admin2', 'erfan_mohammadi😎☠️', '/uploads/1754411077099-777911045.jpg', false, NULL, NULL, NULL, false, false, false, '/pfps/1754410598778-193683440.jpg', 2, '{"id":1754411077777,"username":"/admin2","message":"erfan_mohammadi😎☠️","timestamp":1754411077777,"imageUrl":"/uploads/1754411077099-777911045.jpg","pfp":"/pfps/1754410598778-193683440.jpg","likes":["/admin1","/user_1"],"retweets":[],"views":2}'::jsonb, '2025-08-05T16:24:37.777Z') ON CONFLICT DO NOTHING;
INSERT INTO post_interactions (post_id, username, interaction_type) VALUES (1754411077777, '/admin1', 'like') ON CONFLICT DO NOTHING;
INSERT INTO post_interactions (post_id, username, interaction_type) VALUES (1754411077777, '/user_1', 'like') ON CONFLICT DO NOTHING;
INSERT INTO posts (id, author_username, body, media_url, is_video, parent_id, retweet_of, quote_of, is_retweet, is_quote, is_pinned, pfp_url, views, metadata, created_at) VALUES (1754422725145, '/admin2', 'hi', NULL, false, NULL, NULL, NULL, false, false, false, '/pfps/1754410598778-193683440.jpg', 2, '{"id":1754422725145,"username":"/admin2","message":"hi","timestamp":1754422725145,"imageUrl":null,"pfp":"/pfps/1754410598778-193683440.jpg","likes":["/admin1","/user_1"],"retweets":[],"views":2}'::jsonb, '2025-08-05T19:38:45.145Z') ON CONFLICT DO NOTHING;
INSERT INTO post_interactions (post_id, username, interaction_type) VALUES (1754422725145, '/admin1', 'like') ON CONFLICT DO NOTHING;
INSERT INTO post_interactions (post_id, username, interaction_type) VALUES (1754422725145, '/user_1', 'like') ON CONFLICT DO NOTHING;
INSERT INTO media_assets (owner_username, storage_key, public_url, media_kind, mime_type, original_name, byte_size, metadata) VALUES ('/admin1', 'uploads/1754422733585-384812456.jpg', '/uploads/1754422733585-384812456.jpg', 'image', NULL, NULL, NULL, '{}'::jsonb) ON CONFLICT DO NOTHING;
INSERT INTO posts (id, author_username, body, media_url, is_video, parent_id, retweet_of, quote_of, is_retweet, is_quote, is_pinned, pfp_url, views, metadata, created_at) VALUES (1754422733595, '/admin1', '', '/uploads/1754422733585-384812456.jpg', false, NULL, NULL, NULL, false, false, false, '/pfps/d3f472e5d2dcb518c07e141c5ed8d9be', 2, '{"id":1754422733595,"username":"/admin1","message":"","timestamp":1754422733595,"imageUrl":"/uploads/1754422733585-384812456.jpg","pfp":"/pfps/d3f472e5d2dcb518c07e141c5ed8d9be","likes":["/admin1","/user_1"],"retweets":[],"views":2}'::jsonb, '2025-08-05T19:38:53.595Z') ON CONFLICT DO NOTHING;
INSERT INTO post_interactions (post_id, username, interaction_type) VALUES (1754422733595, '/admin1', 'like') ON CONFLICT DO NOTHING;
INSERT INTO post_interactions (post_id, username, interaction_type) VALUES (1754422733595, '/user_1', 'like') ON CONFLICT DO NOTHING;
INSERT INTO posts (id, author_username, body, media_url, is_video, parent_id, retweet_of, quote_of, is_retweet, is_quote, is_pinned, pfp_url, views, metadata, created_at) VALUES (1754422797758, '/admin2', 'hahahhahahahahahaah', NULL, false, NULL, NULL, NULL, false, false, false, '/pfps/1754410598778-193683440.jpg', 2, '{"id":1754422797758,"username":"/admin2","message":"hahahhahahahahahaah","timestamp":1754422797758,"imageUrl":null,"pfp":"/pfps/1754410598778-193683440.jpg","likes":["/admin1","/user_1","/admin_4"],"retweets":[],"views":2}'::jsonb, '2025-08-05T19:39:57.758Z') ON CONFLICT DO NOTHING;
INSERT INTO post_interactions (post_id, username, interaction_type) VALUES (1754422797758, '/admin1', 'like') ON CONFLICT DO NOTHING;
INSERT INTO post_interactions (post_id, username, interaction_type) VALUES (1754422797758, '/user_1', 'like') ON CONFLICT DO NOTHING;
INSERT INTO post_interactions (post_id, username, interaction_type) VALUES (1754422797758, '/admin_4', 'like') ON CONFLICT DO NOTHING;
INSERT INTO posts (id, author_username, body, media_url, is_video, parent_id, retweet_of, quote_of, is_retweet, is_quote, is_pinned, pfp_url, views, metadata, created_at) VALUES (1754423457829, '/user_2', 'hello i am new user', NULL, false, NULL, NULL, NULL, false, false, false, NULL, 3, '{"id":1754423457829,"username":"/user_2","message":"hello i am new user","timestamp":1754423457829,"imageUrl":null,"pfp":null,"likes":["/admin1","/user_1"],"retweets":[],"views":3}'::jsonb, '2025-08-05T19:50:57.829Z') ON CONFLICT DO NOTHING;
INSERT INTO post_interactions (post_id, username, interaction_type) VALUES (1754423457829, '/admin1', 'like') ON CONFLICT DO NOTHING;
INSERT INTO post_interactions (post_id, username, interaction_type) VALUES (1754423457829, '/user_1', 'like') ON CONFLICT DO NOTHING;
INSERT INTO posts (id, author_username, body, media_url, is_video, parent_id, retweet_of, quote_of, is_retweet, is_quote, is_pinned, pfp_url, views, metadata, created_at) VALUES (1754423458280, '/user_2', 'hello i am new user', NULL, false, NULL, NULL, NULL, false, false, false, NULL, 4, '{"id":1754423458280,"username":"/user_2","message":"hello i am new user","timestamp":1754423458280,"imageUrl":null,"pfp":null,"likes":["/admin1","/user_1"],"retweets":[],"views":4}'::jsonb, '2025-08-05T19:50:58.280Z') ON CONFLICT DO NOTHING;
INSERT INTO post_interactions (post_id, username, interaction_type) VALUES (1754423458280, '/admin1', 'like') ON CONFLICT DO NOTHING;
INSERT INTO post_interactions (post_id, username, interaction_type) VALUES (1754423458280, '/user_1', 'like') ON CONFLICT DO NOTHING;
INSERT INTO posts (id, author_username, body, media_url, is_video, parent_id, retweet_of, quote_of, is_retweet, is_quote, is_pinned, pfp_url, views, metadata, created_at) VALUES (1754470229150, '/user_3', 'سلام', NULL, false, NULL, NULL, NULL, false, false, false, NULL, 4, '{"id":1754470229150,"username":"/user_3","message":"سلام","timestamp":1754470229150,"imageUrl":null,"pfp":null,"likes":["/admin1","/user_1"],"saves":[],"retweets":[],"views":4}'::jsonb, '2025-08-06T08:50:29.150Z') ON CONFLICT DO NOTHING;
INSERT INTO post_interactions (post_id, username, interaction_type) VALUES (1754470229150, '/admin1', 'like') ON CONFLICT DO NOTHING;
INSERT INTO post_interactions (post_id, username, interaction_type) VALUES (1754470229150, '/user_1', 'like') ON CONFLICT DO NOTHING;
INSERT INTO posts (id, author_username, body, media_url, is_video, parent_id, retweet_of, quote_of, is_retweet, is_quote, is_pinned, pfp_url, views, metadata, created_at) VALUES (1754561168257, '/admin1', 'hi', NULL, false, 1754470229150, NULL, NULL, false, false, false, '/pfps/d3f472e5d2dcb518c07e141c5ed8d9be', 0, '{"id":1754561168257,"username":"/admin1","message":"hi","timestamp":1754561168257,"imageUrl":null,"pfp":"/pfps/d3f472e5d2dcb518c07e141c5ed8d9be","parentId":1754470229150,"likes":["/user_1","/admin1"],"saves":[],"retweets":[]}'::jsonb, '2025-08-07T10:06:08.257Z') ON CONFLICT DO NOTHING;
INSERT INTO post_interactions (post_id, username, interaction_type) VALUES (1754561168257, '/user_1', 'like') ON CONFLICT DO NOTHING;
INSERT INTO post_interactions (post_id, username, interaction_type) VALUES (1754561168257, '/admin1', 'like') ON CONFLICT DO NOTHING;
INSERT INTO media_assets (owner_username, storage_key, public_url, media_kind, mime_type, original_name, byte_size, metadata) VALUES ('/admin1', 'uploads/1755763150450-792775906.ico', '/uploads/1755763150450-792775906.ico', 'image', NULL, NULL, NULL, '{}'::jsonb) ON CONFLICT DO NOTHING;
INSERT INTO posts (id, author_username, body, media_url, is_video, parent_id, retweet_of, quote_of, is_retweet, is_quote, is_pinned, pfp_url, views, metadata, created_at) VALUES (1755763150454, '/admin1', 'L0G 3:

Changed Logo.', '/uploads/1755763150450-792775906.ico', false, NULL, NULL, NULL, false, false, false, '/pfps/d3f472e5d2dcb518c07e141c5ed8d9be', 6, '{"id":1755763150454,"username":"/admin1","message":"L0G 3:\r\n\r\nChanged Logo.","timestamp":1755763150454,"imageUrl":"/uploads/1755763150450-792775906.ico","pfp":"/pfps/d3f472e5d2dcb518c07e141c5ed8d9be","parentId":null,"likes":["/admin1","/user_1","/admin2"],"retweets":[],"views":6}'::jsonb, '2025-08-21T07:59:10.454Z') ON CONFLICT DO NOTHING;
INSERT INTO post_interactions (post_id, username, interaction_type) VALUES (1755763150454, '/admin1', 'like') ON CONFLICT DO NOTHING;
INSERT INTO post_interactions (post_id, username, interaction_type) VALUES (1755763150454, '/user_1', 'like') ON CONFLICT DO NOTHING;
INSERT INTO post_interactions (post_id, username, interaction_type) VALUES (1755763150454, '/admin2', 'like') ON CONFLICT DO NOTHING;
INSERT INTO media_assets (owner_username, storage_key, public_url, media_kind, mime_type, original_name, byte_size, metadata) VALUES ('/admin1', 'uploads/1755763173764-930512037.png', '/uploads/1755763173764-930512037.png', 'image', NULL, NULL, NULL, '{}'::jsonb) ON CONFLICT DO NOTHING;
INSERT INTO posts (id, author_username, body, media_url, is_video, parent_id, retweet_of, quote_of, is_retweet, is_quote, is_pinned, pfp_url, views, metadata, created_at) VALUES (1755763173772, '/admin1', 'L0G 4:

Changed Text Logo.', '/uploads/1755763173764-930512037.png', false, NULL, NULL, NULL, false, false, false, '/pfps/d3f472e5d2dcb518c07e141c5ed8d9be', 6, '{"id":1755763173772,"username":"/admin1","message":"L0G 4:\r\n\r\nChanged Text Logo.","timestamp":1755763173772,"imageUrl":"/uploads/1755763173764-930512037.png","pfp":"/pfps/d3f472e5d2dcb518c07e141c5ed8d9be","parentId":null,"likes":["/admin1","/user_1","/admin2"],"retweets":[],"views":6}'::jsonb, '2025-08-21T07:59:33.772Z') ON CONFLICT DO NOTHING;
INSERT INTO post_interactions (post_id, username, interaction_type) VALUES (1755763173772, '/admin1', 'like') ON CONFLICT DO NOTHING;
INSERT INTO post_interactions (post_id, username, interaction_type) VALUES (1755763173772, '/user_1', 'like') ON CONFLICT DO NOTHING;
INSERT INTO post_interactions (post_id, username, interaction_type) VALUES (1755763173772, '/admin2', 'like') ON CONFLICT DO NOTHING;
INSERT INTO posts (id, author_username, body, media_url, is_video, parent_id, retweet_of, quote_of, is_retweet, is_quote, is_pinned, pfp_url, views, metadata, created_at) VALUES (1756390822339, '/admin2', 'test', NULL, false, NULL, NULL, NULL, false, false, false, '/pfps/1756390802463-925198135.jpg', 4, '{"id":1756390822339,"username":"/admin2","message":"test","timestamp":1756390822339,"imageUrl":null,"pfp":"/pfps/1756390802463-925198135.jpg","parentId":null,"likes":["/admin2"],"retweets":[],"views":4}'::jsonb, '2025-08-28T14:20:22.339Z') ON CONFLICT DO NOTHING;
INSERT INTO post_interactions (post_id, username, interaction_type) VALUES (1756390822339, '/admin2', 'like') ON CONFLICT DO NOTHING;
INSERT INTO posts (id, author_username, body, media_url, is_video, parent_id, retweet_of, quote_of, is_retweet, is_quote, is_pinned, pfp_url, views, metadata, created_at) VALUES (1756390837696, '/admin2', 'w', NULL, false, 1756390822339, NULL, NULL, false, false, false, '/pfps/1756390802463-925198135.jpg', 0, '{"id":1756390837696,"username":"/admin2","message":"w","timestamp":1756390837696,"imageUrl":null,"pfp":"/pfps/1756390802463-925198135.jpg","parentId":1756390822339,"likes":[],"retweets":[]}'::jsonb, '2025-08-28T14:20:37.696Z') ON CONFLICT DO NOTHING;
INSERT INTO posts (id, author_username, body, media_url, is_video, parent_id, retweet_of, quote_of, is_retweet, is_quote, is_pinned, pfp_url, views, metadata, created_at) VALUES (1763666041918, '/admin_4', 'AAAA', NULL, false, 1756390822339, NULL, NULL, false, false, false, NULL, 0, '{"id":1763666041918,"username":"/admin_4","message":"AAAA","timestamp":1763666041918,"imageUrl":null,"pfp":null,"parentId":1756390822339,"likes":[],"retweets":[]}'::jsonb, '2025-11-20T19:14:01.918Z') ON CONFLICT DO NOTHING;
INSERT INTO media_assets (owner_username, storage_key, public_url, media_kind, mime_type, original_name, byte_size, metadata) VALUES ('/admin_4', 'uploads/1763666196394-912673164.jpg', '/uploads/1763666196394-912673164.jpg', 'image', NULL, NULL, NULL, '{}'::jsonb) ON CONFLICT DO NOTHING;
INSERT INTO posts (id, author_username, body, media_url, is_video, parent_id, retweet_of, quote_of, is_retweet, is_quote, is_pinned, pfp_url, views, metadata, created_at) VALUES (1763666196403, '/admin_4', '', '/uploads/1763666196394-912673164.jpg', false, NULL, NULL, NULL, false, false, false, NULL, 4, '{"id":1763666196403,"username":"/admin_4","message":"","timestamp":1763666196403,"imageUrl":"/uploads/1763666196394-912673164.jpg","pfp":null,"parentId":null,"likes":["/admin_4"],"retweets":[],"views":4}'::jsonb, '2025-11-20T19:16:36.403Z') ON CONFLICT DO NOTHING;
INSERT INTO post_interactions (post_id, username, interaction_type) VALUES (1763666196403, '/admin_4', 'like') ON CONFLICT DO NOTHING;
INSERT INTO posts (id, author_username, body, media_url, is_video, parent_id, retweet_of, quote_of, is_retweet, is_quote, is_pinned, pfp_url, views, metadata, created_at) VALUES (1763747200059, '/admin2', '.', NULL, false, NULL, NULL, NULL, false, false, false, '/pfps/1756390802463-925198135.jpg', 4, '{"id":1763747200059,"username":"/admin2","message":".","timestamp":1763747200059,"imageUrl":null,"pfp":"/pfps/1756390802463-925198135.jpg","parentId":null,"likes":["/admin2"],"retweets":[],"views":4}'::jsonb, '2025-11-21T17:46:40.059Z') ON CONFLICT DO NOTHING;
INSERT INTO post_interactions (post_id, username, interaction_type) VALUES (1763747200059, '/admin2', 'like') ON CONFLICT DO NOTHING;
INSERT INTO posts (id, author_username, body, media_url, is_video, parent_id, retweet_of, quote_of, is_retweet, is_quote, is_pinned, pfp_url, views, metadata, created_at) VALUES (1763747224361, '/admin2', '.', NULL, false, NULL, NULL, NULL, false, false, false, '/pfps/1763747209273-421562703.ico', 4, '{"id":1763747224361,"username":"/admin2","message":".","timestamp":1763747224361,"imageUrl":null,"pfp":"/pfps/1763747209273-421562703.ico","parentId":null,"likes":["/admin2"],"saves":["/admin1"],"retweets":[],"views":4}'::jsonb, '2025-11-21T17:47:04.361Z') ON CONFLICT DO NOTHING;
INSERT INTO post_interactions (post_id, username, interaction_type) VALUES (1763747224361, '/admin2', 'like') ON CONFLICT DO NOTHING;
INSERT INTO post_interactions (post_id, username, interaction_type) VALUES (1763747224361, '/admin1', 'save') ON CONFLICT DO NOTHING;
INSERT INTO media_assets (owner_username, storage_key, public_url, media_kind, mime_type, original_name, byte_size, metadata) VALUES ('/admin2', 'uploads/1763747773904-485915017.ico', '/uploads/1763747773904-485915017.ico', 'image', NULL, NULL, NULL, '{}'::jsonb) ON CONFLICT DO NOTHING;
INSERT INTO posts (id, author_username, body, media_url, is_video, parent_id, retweet_of, quote_of, is_retweet, is_quote, is_pinned, pfp_url, views, metadata, created_at) VALUES (1763747773908, '/admin2', 'cybers/ash', '/uploads/1763747773904-485915017.ico', false, NULL, NULL, NULL, false, false, false, '/pfps/1763747209273-421562703.ico', 4, '{"id":1763747773908,"username":"/admin2","message":"cybers/ash","timestamp":1763747773908,"imageUrl":"/uploads/1763747773904-485915017.ico","pfp":"/pfps/1763747209273-421562703.ico","parentId":null,"likes":["/admin1"],"saves":["/admin2"],"retweets":[],"views":4}'::jsonb, '2025-11-21T17:56:13.908Z') ON CONFLICT DO NOTHING;
INSERT INTO post_interactions (post_id, username, interaction_type) VALUES (1763747773908, '/admin1', 'like') ON CONFLICT DO NOTHING;
INSERT INTO post_interactions (post_id, username, interaction_type) VALUES (1763747773908, '/admin2', 'save') ON CONFLICT DO NOTHING;
INSERT INTO posts (id, author_username, body, media_url, is_video, parent_id, retweet_of, quote_of, is_retweet, is_quote, is_pinned, pfp_url, views, metadata, created_at) VALUES (1763747796823, '/admin2', 'hi', NULL, false, 1754411077777, NULL, NULL, false, false, false, '/pfps/1763747209273-421562703.ico', 0, '{"id":1763747796823,"username":"/admin2","message":"hi","timestamp":1763747796823,"imageUrl":null,"pfp":"/pfps/1763747209273-421562703.ico","parentId":1754411077777,"likes":[],"retweets":[]}'::jsonb, '2025-11-21T17:56:36.823Z') ON CONFLICT DO NOTHING;
INSERT INTO posts (id, author_username, body, media_url, is_video, parent_id, retweet_of, quote_of, is_retweet, is_quote, is_pinned, pfp_url, views, metadata, created_at) VALUES (1763971578660, '/admin1', 'L0G N:

Added DM''S', NULL, false, NULL, NULL, NULL, false, false, false, '/pfps/d3f472e5d2dcb518c07e141c5ed8d9be', 5, '{"id":1763971578660,"username":"/admin1","message":"L0G N:\r\n\r\nAdded DM''S","timestamp":1763971578661,"imageUrl":null,"pfp":"/pfps/d3f472e5d2dcb518c07e141c5ed8d9be","parentId":null,"likes":[],"saves":[],"retweets":[],"views":5}'::jsonb, '2025-11-24T08:06:18.661Z') ON CONFLICT DO NOTHING;
INSERT INTO media_assets (owner_username, storage_key, public_url, media_kind, mime_type, original_name, byte_size, metadata) VALUES ('/admin1', 'uploads/1766174478787-665748462.jpg', '/uploads/1766174478787-665748462.jpg', 'image', NULL, NULL, NULL, '{}'::jsonb) ON CONFLICT DO NOTHING;
INSERT INTO posts (id, author_username, body, media_url, is_video, parent_id, retweet_of, quote_of, is_retweet, is_quote, is_pinned, pfp_url, views, metadata, created_at) VALUES (1766174478792, '/admin1', 'hakir', '/uploads/1766174478787-665748462.jpg', false, NULL, NULL, NULL, false, false, false, '/pfps/d3f472e5d2dcb518c07e141c5ed8d9be', 6, '{"id":1766174478792,"username":"/admin1","message":"hakir","timestamp":1766174478794,"imageUrl":"/uploads/1766174478787-665748462.jpg","pfp":"/pfps/d3f472e5d2dcb518c07e141c5ed8d9be","parentId":null,"likes":["/admin1"],"saves":[],"retweets":[],"views":6}'::jsonb, '2025-12-19T20:01:18.794Z') ON CONFLICT DO NOTHING;
INSERT INTO post_interactions (post_id, username, interaction_type) VALUES (1766174478792, '/admin1', 'like') ON CONFLICT DO NOTHING;
INSERT INTO posts (id, author_username, body, media_url, is_video, parent_id, retweet_of, quote_of, is_retweet, is_quote, is_pinned, pfp_url, views, metadata, created_at) VALUES (1768997839099, '/admin1', 'hello', NULL, false, 1754470229150, NULL, NULL, false, false, false, '/pfps/d3f472e5d2dcb518c07e141c5ed8d9be', 0, '{"id":1768997839099,"username":"/admin1","message":"hello","timestamp":1768997839099,"imageUrl":null,"pfp":"/pfps/d3f472e5d2dcb518c07e141c5ed8d9be","parentId":1754470229150,"likes":[],"saves":[],"retweets":[]}'::jsonb, '2026-01-21T12:17:19.099Z') ON CONFLICT DO NOTHING;
INSERT INTO media_assets (owner_username, storage_key, public_url, media_kind, mime_type, original_name, byte_size, metadata) VALUES ('/admin1', 'uploads/1769285732574-61851763.jpg', '/uploads/1769285732574-61851763.jpg', 'image', NULL, NULL, NULL, '{}'::jsonb) ON CONFLICT DO NOTHING;
INSERT INTO posts (id, author_username, body, media_url, is_video, parent_id, retweet_of, quote_of, is_retweet, is_quote, is_pinned, pfp_url, views, metadata, created_at) VALUES (1769285732584, '/admin1', 'L0G N+1:

Patched some s##t', '/uploads/1769285732574-61851763.jpg', false, NULL, NULL, NULL, false, false, false, '/pfps/d3f472e5d2dcb518c07e141c5ed8d9be', 8, '{"id":1769285732584,"username":"/admin1","message":"L0G N+1:\r\n\r\nPatched some s##t","timestamp":1769285732585,"imageUrl":"/uploads/1769285732574-61851763.jpg","pfp":"/pfps/d3f472e5d2dcb518c07e141c5ed8d9be","parentId":null,"likes":["/admin1","/user_19"],"saves":["/admin1"],"retweets":[],"views":8}'::jsonb, '2026-01-24T20:15:32.585Z') ON CONFLICT DO NOTHING;
INSERT INTO post_interactions (post_id, username, interaction_type) VALUES (1769285732584, '/admin1', 'like') ON CONFLICT DO NOTHING;
INSERT INTO post_interactions (post_id, username, interaction_type) VALUES (1769285732584, '/user_19', 'like') ON CONFLICT DO NOTHING;
INSERT INTO post_interactions (post_id, username, interaction_type) VALUES (1769285732584, '/admin1', 'save') ON CONFLICT DO NOTHING;
INSERT INTO media_assets (owner_username, storage_key, public_url, media_kind, mime_type, original_name, byte_size, metadata) VALUES ('/admin1', 'uploads/1769539460511-850308366.jfif', '/uploads/1769539460511-850308366.jfif', 'image', NULL, NULL, NULL, '{}'::jsonb) ON CONFLICT DO NOTHING;
INSERT INTO posts (id, author_username, body, media_url, is_video, parent_id, retweet_of, quote_of, is_retweet, is_quote, is_pinned, pfp_url, views, metadata, created_at) VALUES (1769539460514, '/admin1', 'L0G N+2

CYBERSLASH ENTERS V2.0', '/uploads/1769539460511-850308366.jfif', false, NULL, NULL, NULL, false, false, false, '/pfps/d3f472e5d2dcb518c07e141c5ed8d9be', 8, '{"id":1769539460514,"username":"/admin1","message":"L0G N+2\r\n\r\nCYBERSLASH ENTERS V2.0","timestamp":1769539460515,"imageUrl":"/uploads/1769539460511-850308366.jfif","pfp":"/pfps/d3f472e5d2dcb518c07e141c5ed8d9be","parentId":null,"likes":["/user_5","/admin1","/user_19"],"saves":[],"retweets":[],"views":8}'::jsonb, '2026-01-27T18:44:20.515Z') ON CONFLICT DO NOTHING;
INSERT INTO post_interactions (post_id, username, interaction_type) VALUES (1769539460514, '/user_5', 'like') ON CONFLICT DO NOTHING;
INSERT INTO post_interactions (post_id, username, interaction_type) VALUES (1769539460514, '/admin1', 'like') ON CONFLICT DO NOTHING;
INSERT INTO post_interactions (post_id, username, interaction_type) VALUES (1769539460514, '/user_19', 'like') ON CONFLICT DO NOTHING;
INSERT INTO posts (id, author_username, body, media_url, is_video, parent_id, retweet_of, quote_of, is_retweet, is_quote, is_pinned, pfp_url, views, metadata, created_at) VALUES (1769680102523, '/admin1', 'cool', NULL, false, 1769539460514, NULL, NULL, false, false, false, '/pfps/d3f472e5d2dcb518c07e141c5ed8d9be', 0, '{"id":1769680102523,"username":"/admin1","message":"cool","timestamp":1769680102524,"imageUrl":null,"pfp":"/pfps/d3f472e5d2dcb518c07e141c5ed8d9be","parentId":1769539460514,"likes":[],"saves":["/admin1"],"retweets":[]}'::jsonb, '2026-01-29T09:48:22.524Z') ON CONFLICT DO NOTHING;
INSERT INTO post_interactions (post_id, username, interaction_type) VALUES (1769680102523, '/admin1', 'save') ON CONFLICT DO NOTHING;
INSERT INTO posts (id, author_username, body, media_url, is_video, parent_id, retweet_of, quote_of, is_retweet, is_quote, is_pinned, pfp_url, views, metadata, created_at) VALUES (1771265111982, '/admin1', 'L0G N+3

Cyberslash excperiences user issues', NULL, false, NULL, NULL, NULL, false, false, false, '/pfps/d3f472e5d2dcb518c07e141c5ed8d9be', 9, '{"id":1771265111982,"username":"/admin1","message":"L0G N+3\r\n\r\nCyberslash excperiences user issues","timestamp":1771265111984,"imageUrl":null,"pfp":"/pfps/d3f472e5d2dcb518c07e141c5ed8d9be","parentId":null,"likes":["/admin1"],"saves":[],"retweets":[],"views":9}'::jsonb, '2026-02-16T18:05:11.984Z') ON CONFLICT DO NOTHING;
INSERT INTO post_interactions (post_id, username, interaction_type) VALUES (1771265111982, '/admin1', 'like') ON CONFLICT DO NOTHING;
INSERT INTO posts (id, author_username, body, media_url, is_video, parent_id, retweet_of, quote_of, is_retweet, is_quote, is_pinned, pfp_url, views, metadata, created_at) VALUES (1771271289944, '/user_8', 'sick website admin!!', NULL, false, NULL, NULL, NULL, false, false, false, NULL, 8, '{"id":1771271289944,"username":"/user_8","message":"sick website admin!!","timestamp":1771271289944,"imageUrl":null,"pfp":null,"parentId":null,"likes":["/user_9","/admin1"],"saves":[],"retweets":[],"views":8}'::jsonb, '2026-02-16T19:48:09.944Z') ON CONFLICT DO NOTHING;
INSERT INTO post_interactions (post_id, username, interaction_type) VALUES (1771271289944, '/user_9', 'like') ON CONFLICT DO NOTHING;
INSERT INTO post_interactions (post_id, username, interaction_type) VALUES (1771271289944, '/admin1', 'like') ON CONFLICT DO NOTHING;
INSERT INTO posts (id, author_username, body, media_url, is_video, parent_id, retweet_of, quote_of, is_retweet, is_quote, is_pinned, pfp_url, views, metadata, created_at) VALUES (1771272924612, '/user_9', 'HUGH DATA LOSS', NULL, false, 1771265111982, NULL, NULL, false, false, false, NULL, 0, '{"id":1771272924612,"username":"/user_9","message":"HUGH DATA LOSS","timestamp":1771272924612,"imageUrl":null,"pfp":null,"parentId":1771265111982,"likes":[],"saves":[],"retweets":[]}'::jsonb, '2026-02-16T20:15:24.612Z') ON CONFLICT DO NOTHING;
INSERT INTO posts (id, author_username, body, media_url, is_video, parent_id, retweet_of, quote_of, is_retweet, is_quote, is_pinned, pfp_url, views, metadata, created_at) VALUES (1771272968623, '/admin1', 'Hugh data loss confirmed', NULL, false, 1771265111982, NULL, NULL, false, false, false, '/pfps/d3f472e5d2dcb518c07e141c5ed8d9be', 0, '{"id":1771272968623,"username":"/admin1","message":"Hugh data loss confirmed","timestamp":1771272968623,"imageUrl":null,"pfp":"/pfps/d3f472e5d2dcb518c07e141c5ed8d9be","parentId":1771265111982,"likes":[],"saves":[],"retweets":[]}'::jsonb, '2026-02-16T20:16:08.623Z') ON CONFLICT DO NOTHING;
INSERT INTO posts (id, author_username, body, media_url, is_video, parent_id, retweet_of, quote_of, is_retweet, is_quote, is_pinned, pfp_url, views, metadata, created_at) VALUES (1771273682798, '/admin1', 'WE APOLOGIZE FULLY FOR THE RECENT DATA LOSS ON CYBERSLASH, AS WE SAID, WE ARE IN BETA TESTING', NULL, false, NULL, NULL, NULL, false, false, false, '/pfps/d3f472e5d2dcb518c07e141c5ed8d9be', 8, '{"id":1771273682798,"username":"/admin1","message":"WE APOLOGIZE FULLY FOR THE RECENT DATA LOSS ON CYBERSLASH, AS WE SAID, WE ARE IN BETA TESTING","timestamp":1771273682799,"imageUrl":null,"pfp":"/pfps/d3f472e5d2dcb518c07e141c5ed8d9be","parentId":null,"likes":["/admin1"],"saves":[],"retweets":[],"views":8}'::jsonb, '2026-02-16T20:28:02.799Z') ON CONFLICT DO NOTHING;
INSERT INTO post_interactions (post_id, username, interaction_type) VALUES (1771273682798, '/admin1', 'like') ON CONFLICT DO NOTHING;
INSERT INTO posts (id, author_username, body, media_url, is_video, parent_id, retweet_of, quote_of, is_retweet, is_quote, is_pinned, pfp_url, views, metadata, created_at) VALUES (1771274659777, '/admin1', 'THE USERS WHO LOST THEIR ACCONT DATA EMAIL ME AT blackberry82jew@gmail.com', NULL, false, NULL, NULL, NULL, false, false, false, '/pfps/d3f472e5d2dcb518c07e141c5ed8d9be', 8, '{"id":1771274659777,"username":"/admin1","message":"THE USERS WHO LOST THEIR ACCONT DATA EMAIL ME AT blackberry82jew@gmail.com","timestamp":1771274659777,"imageUrl":null,"pfp":"/pfps/d3f472e5d2dcb518c07e141c5ed8d9be","parentId":null,"likes":["/admin1"],"saves":[],"retweets":[],"views":8}'::jsonb, '2026-02-16T20:44:19.777Z') ON CONFLICT DO NOTHING;
INSERT INTO post_interactions (post_id, username, interaction_type) VALUES (1771274659777, '/admin1', 'like') ON CONFLICT DO NOTHING;
INSERT INTO posts (id, author_username, body, media_url, is_video, parent_id, retweet_of, quote_of, is_retweet, is_quote, is_pinned, pfp_url, views, metadata, created_at) VALUES (1771313636084, '/user_13', 'Hello everyone  ^=  ', NULL, false, NULL, NULL, NULL, false, false, false, NULL, 8, '{"id":1771313636084,"username":"/user_13","message":"Hello everyone  ^=  ","timestamp":1771313636086,"imageUrl":null,"pfp":null,"parentId":null,"likes":["/admin1","/user_16"],"saves":[],"retweets":[],"views":8}'::jsonb, '2026-02-17T07:33:56.086Z') ON CONFLICT DO NOTHING;
INSERT INTO post_interactions (post_id, username, interaction_type) VALUES (1771313636084, '/admin1', 'like') ON CONFLICT DO NOTHING;
INSERT INTO post_interactions (post_id, username, interaction_type) VALUES (1771313636084, '/user_16', 'like') ON CONFLICT DO NOTHING;
INSERT INTO posts (id, author_username, body, media_url, is_video, parent_id, retweet_of, quote_of, is_retweet, is_quote, is_pinned, pfp_url, views, metadata, created_at) VALUES (1771313718789, '/user_13', 'The ridiculous negotiations have begun again. ^=   ^=   ^=   ^=   ^=   ^=  ', NULL, false, NULL, NULL, NULL, false, false, false, NULL, 9, '{"id":1771313718789,"username":"/user_13","message":"The ridiculous negotiations have begun again. ^=   ^=   ^=   ^=   ^=   ^=  ","timestamp":1771313718790,"imageUrl":null,"pfp":null,"parentId":null,"likes":["/admin1","/user_16"],"saves":[],"retweets":[],"views":9}'::jsonb, '2026-02-17T07:35:18.790Z') ON CONFLICT DO NOTHING;
INSERT INTO post_interactions (post_id, username, interaction_type) VALUES (1771313718789, '/admin1', 'like') ON CONFLICT DO NOTHING;
INSERT INTO post_interactions (post_id, username, interaction_type) VALUES (1771313718789, '/user_16', 'like') ON CONFLICT DO NOTHING;
INSERT INTO posts (id, author_username, body, media_url, is_video, parent_id, retweet_of, quote_of, is_retweet, is_quote, is_pinned, pfp_url, views, metadata, created_at) VALUES (1771314631177, '/admin1', 'they are just scared', NULL, false, 1771313718789, NULL, NULL, false, false, false, '/pfps/d3f472e5d2dcb518c07e141c5ed8d9be', 0, '{"id":1771314631177,"username":"/admin1","message":"they are just scared","timestamp":1771314631178,"imageUrl":null,"pfp":"/pfps/d3f472e5d2dcb518c07e141c5ed8d9be","parentId":1771313718789,"likes":[],"saves":[],"retweets":[]}'::jsonb, '2026-02-17T07:50:31.178Z') ON CONFLICT DO NOTHING;
INSERT INTO posts (id, author_username, body, media_url, is_video, parent_id, retweet_of, quote_of, is_retweet, is_quote, is_pinned, pfp_url, views, metadata, created_at) VALUES (1771320265061, '/admin1', 'hiiiiiiii', NULL, false, 1771313636084, NULL, NULL, false, false, false, '/pfps/d3f472e5d2dcb518c07e141c5ed8d9be', 0, '{"id":1771320265061,"username":"/admin1","message":"hiiiiiiii","timestamp":1771320265062,"imageUrl":null,"pfp":"/pfps/d3f472e5d2dcb518c07e141c5ed8d9be","parentId":1771313636084,"likes":[],"saves":[],"retweets":[]}'::jsonb, '2026-02-17T09:24:25.062Z') ON CONFLICT DO NOTHING;
INSERT INTO posts (id, author_username, body, media_url, is_video, parent_id, retweet_of, quote_of, is_retweet, is_quote, is_pinned, pfp_url, views, metadata, created_at) VALUES (1771321088439, '/user_9', 'hello', NULL, false, NULL, NULL, NULL, false, false, false, NULL, 10, '{"id":1771321088439,"username":"/user_9","message":"hello","timestamp":1771321088439,"imageUrl":null,"pfp":null,"parentId":null,"likes":[],"saves":[],"retweets":[],"views":10}'::jsonb, '2026-02-17T09:38:08.439Z') ON CONFLICT DO NOTHING;
INSERT INTO posts (id, author_username, body, media_url, is_video, parent_id, retweet_of, quote_of, is_retweet, is_quote, is_pinned, pfp_url, views, metadata, created_at) VALUES (1771324460410, '/admin1', ' ^=^x^p ^=^x^p ^=^x^p', NULL, false, 1763666196403, NULL, NULL, false, false, false, '/pfps/d3f472e5d2dcb518c07e141c5ed8d9be', 0, '{"id":1771324460410,"username":"/admin1","message":" ^=^x^p ^=^x^p ^=^x^p","timestamp":1771324460411,"imageUrl":null,"pfp":"/pfps/d3f472e5d2dcb518c07e141c5ed8d9be","parentId":1763666196403,"likes":[],"saves":[],"retweets":[]}'::jsonb, '2026-02-17T10:34:20.411Z') ON CONFLICT DO NOTHING;
INSERT INTO posts (id, author_username, body, media_url, is_video, parent_id, retweet_of, quote_of, is_retweet, is_quote, is_pinned, pfp_url, views, metadata, created_at) VALUES (1771397256645, '/admin1', 'Hi', NULL, false, NULL, NULL, NULL, false, false, false, '/pfps/d3f472e5d2dcb518c07e141c5ed8d9be', 10, '{"id":1771397256645,"username":"/admin1","message":"Hi","timestamp":1771397256646,"imageUrl":null,"pfp":"/pfps/d3f472e5d2dcb518c07e141c5ed8d9be","parentId":null,"likes":["/admin1","/user_9","/user_17"],"saves":["/user_17"],"retweets":[],"views":10}'::jsonb, '2026-02-18T06:47:36.646Z') ON CONFLICT DO NOTHING;
INSERT INTO post_interactions (post_id, username, interaction_type) VALUES (1771397256645, '/admin1', 'like') ON CONFLICT DO NOTHING;
INSERT INTO post_interactions (post_id, username, interaction_type) VALUES (1771397256645, '/user_9', 'like') ON CONFLICT DO NOTHING;
INSERT INTO post_interactions (post_id, username, interaction_type) VALUES (1771397256645, '/user_17', 'like') ON CONFLICT DO NOTHING;
INSERT INTO post_interactions (post_id, username, interaction_type) VALUES (1771397256645, '/user_17', 'save') ON CONFLICT DO NOTHING;
INSERT INTO posts (id, author_username, body, media_url, is_video, parent_id, retweet_of, quote_of, is_retweet, is_quote, is_pinned, pfp_url, views, metadata, created_at) VALUES (1771531731644, '/user_9', 'Hallo', NULL, false, NULL, NULL, NULL, false, false, false, NULL, 10, '{"id":1771531731644,"username":"/user_9","message":"Hallo","timestamp":1771531731644,"imageUrl":null,"pfp":null,"parentId":null,"likes":["/user_9","/admin1"],"saves":["/admin1","/user_17"],"retweets":["/admin1"],"views":10}'::jsonb, '2026-02-19T20:08:51.644Z') ON CONFLICT DO NOTHING;
INSERT INTO post_interactions (post_id, username, interaction_type) VALUES (1771531731644, '/user_9', 'like') ON CONFLICT DO NOTHING;
INSERT INTO post_interactions (post_id, username, interaction_type) VALUES (1771531731644, '/admin1', 'like') ON CONFLICT DO NOTHING;
INSERT INTO post_interactions (post_id, username, interaction_type) VALUES (1771531731644, '/admin1', 'save') ON CONFLICT DO NOTHING;
INSERT INTO post_interactions (post_id, username, interaction_type) VALUES (1771531731644, '/user_17', 'save') ON CONFLICT DO NOTHING;
INSERT INTO post_interactions (post_id, username, interaction_type) VALUES (1771531731644, '/admin1', 'retweet') ON CONFLICT DO NOTHING;
INSERT INTO posts (id, author_username, body, media_url, is_video, parent_id, retweet_of, quote_of, is_retweet, is_quote, is_pinned, pfp_url, views, metadata, created_at) VALUES (1771658438316, '/user_9', '   ^e     ^f  ^e   ^g  ^e ^g ^e   ^f ^l        ^l ^e        ', NULL, false, NULL, NULL, NULL, false, false, false, NULL, 15, '{"id":1771658438316,"username":"/user_9","message":"   ^e     ^f  ^e   ^g  ^e ^g ^e   ^f ^l        ^l ^e        ","timestamp":1771658438316,"imageUrl":null,"pfp":null,"parentId":null,"likes":[],"saves":[],"retweets":[],"views":15}'::jsonb, '2026-02-21T07:20:38.316Z') ON CONFLICT DO NOTHING;
INSERT INTO posts (id, author_username, body, media_url, is_video, parent_id, retweet_of, quote_of, is_retweet, is_quote, is_pinned, pfp_url, views, metadata, created_at) VALUES (1771748941600, '/admin1', 'hello', NULL, false, 1771531731644, NULL, NULL, false, false, false, '/pfps/d3f472e5d2dcb518c07e141c5ed8d9be', 0, '{"id":1771748941600,"username":"/admin1","message":"hello","timestamp":1771748941600,"imageUrl":null,"pfp":"/pfps/d3f472e5d2dcb518c07e141c5ed8d9be","parentId":1771531731644,"likes":[],"saves":[],"retweets":[]}'::jsonb, '2026-02-22T08:29:01.600Z') ON CONFLICT DO NOTHING;
INSERT INTO posts (id, author_username, body, media_url, is_video, parent_id, retweet_of, quote_of, is_retweet, is_quote, is_pinned, pfp_url, views, metadata, created_at) VALUES (1771772875045, '/user_16', 'for test', NULL, false, NULL, NULL, NULL, false, false, false, NULL, 24, '{"id":1771772875045,"username":"/user_16","message":"for test","timestamp":1771772875046,"imageUrl":null,"pfp":null,"parentId":null,"likes":["/user_16"],"saves":["/user_16"],"retweets":["/user_16"],"views":24}'::jsonb, '2026-02-22T15:07:55.046Z') ON CONFLICT DO NOTHING;
INSERT INTO post_interactions (post_id, username, interaction_type) VALUES (1771772875045, '/user_16', 'like') ON CONFLICT DO NOTHING;
INSERT INTO post_interactions (post_id, username, interaction_type) VALUES (1771772875045, '/user_16', 'save') ON CONFLICT DO NOTHING;
INSERT INTO post_interactions (post_id, username, interaction_type) VALUES (1771772875045, '/user_16', 'retweet') ON CONFLICT DO NOTHING;
INSERT INTO posts (id, author_username, body, media_url, is_video, parent_id, retweet_of, quote_of, is_retweet, is_quote, is_pinned, pfp_url, views, metadata, created_at) VALUES (1771778627356, '/user_16', 'for test 002', NULL, false, NULL, NULL, NULL, false, false, false, NULL, 18, '{"id":1771778627356,"username":"/user_16","message":"for test 002","timestamp":1771778627356,"imageUrl":null,"pfp":null,"parentId":null,"likes":[],"saves":[],"retweets":[],"views":18}'::jsonb, '2026-02-22T16:43:47.356Z') ON CONFLICT DO NOTHING;
INSERT INTO posts (id, author_username, body, media_url, is_video, parent_id, retweet_of, quote_of, is_retweet, is_quote, is_pinned, pfp_url, views, metadata, created_at) VALUES (1781104580675, '/admin_1', 'hello', NULL, false, NULL, NULL, NULL, false, false, false, '/pfps/d3f472e5d2dcb518c07e141c5ed8d9be', 4, '{"id":1781104580675,"username":"/admin_1","message":"hello","timestamp":1781104580680,"imageUrl":null,"pfp":"/pfps/d3f472e5d2dcb518c07e141c5ed8d9be","parentId":null,"likes":[],"saves":[],"retweets":[],"views":4}'::jsonb, '2026-06-10T15:16:20.680Z') ON CONFLICT DO NOTHING;
INSERT INTO posts (id, author_username, body, media_url, is_video, parent_id, retweet_of, quote_of, is_retweet, is_quote, is_pinned, pfp_url, views, metadata, created_at) VALUES (1781173371346, '/admin_1', 'hello', NULL, false, NULL, NULL, NULL, false, false, false, '/pfps/d3f472e5d2dcb518c07e141c5ed8d9be', 3, '{"id":1781173371346,"username":"/admin_1","message":"hello","timestamp":1781173371349,"imageUrl":null,"pfp":"/pfps/d3f472e5d2dcb518c07e141c5ed8d9be","parentId":null,"likes":[],"saves":[],"retweets":[],"views":3}'::jsonb, '2026-06-11T10:22:51.349Z') ON CONFLICT DO NOTHING;
INSERT INTO posts (id, author_username, body, media_url, is_video, parent_id, retweet_of, quote_of, is_retweet, is_quote, is_pinned, pfp_url, views, metadata, created_at) VALUES (1781173375851, '/admin_1', 'hello', NULL, false, NULL, NULL, NULL, false, false, false, '/pfps/d3f472e5d2dcb518c07e141c5ed8d9be', 2, '{"id":1781173375851,"username":"/admin_1","message":"hello","timestamp":1781173375852,"imageUrl":null,"pfp":"/pfps/d3f472e5d2dcb518c07e141c5ed8d9be","parentId":null,"likes":[],"saves":[],"retweets":[],"views":2}'::jsonb, '2026-06-11T10:22:55.852Z') ON CONFLICT DO NOTHING;
INSERT INTO direct_messages (legacy_id, sender_username, receiver_username, body, media_url, is_video, media_name, status, reactions, metadata, created_at) VALUES ('1781173469538', '/admin_1', '/user_1', 'hello', NULL, false, NULL, 'read', '{}'::jsonb, '{"id":1781173469538,"sender":"/admin_1","receiver":"/user_1","message":"hello","mediaUrl":null,"isVideo":false,"mediaName":null,"timestamp":1781173469538,"status":"read","replyTo":null,"reactions":{},"senderPfp":"/pfps/d3f472e5d2dcb518c07e141c5ed8d9be"}'::jsonb, '2026-06-11T10:24:29.538Z') ON CONFLICT DO NOTHING;
INSERT INTO direct_messages (legacy_id, sender_username, receiver_username, body, media_url, is_video, media_name, status, reactions, metadata, created_at) VALUES ('1781173479162', '/user_1', '/admin_1', 'how are you', NULL, false, NULL, 'read', '{}'::jsonb, '{"id":1781173479162,"sender":"/user_1","receiver":"/admin_1","message":"how are you","mediaUrl":null,"isVideo":false,"mediaName":null,"timestamp":1781173479162,"status":"read","replyTo":null,"reactions":{},"senderPfp":null}'::jsonb, '2026-06-11T10:24:39.162Z') ON CONFLICT DO NOTHING;
INSERT INTO direct_messages (legacy_id, sender_username, receiver_username, body, media_url, is_video, media_name, status, reactions, metadata, created_at) VALUES ('1781173496225', '/admin_1', '/user_1', 'im good', NULL, false, NULL, 'read', '{}'::jsonb, '{"id":1781173496225,"sender":"/admin_1","receiver":"/user_1","message":"im good","mediaUrl":null,"isVideo":false,"mediaName":null,"timestamp":1781173496225,"status":"read","replyTo":null,"reactions":{},"senderPfp":"/pfps/d3f472e5d2dcb518c07e141c5ed8d9be"}'::jsonb, '2026-06-11T10:24:56.225Z') ON CONFLICT DO NOTHING;
INSERT INTO direct_messages (legacy_id, sender_username, receiver_username, body, media_url, is_video, media_name, status, reactions, metadata, created_at) VALUES ('1781173504269', '/user_1', '/admin_1', 'ok', NULL, false, NULL, 'read', '{}'::jsonb, '{"id":1781173504269,"sender":"/user_1","receiver":"/admin_1","message":"ok","mediaUrl":null,"isVideo":false,"mediaName":null,"timestamp":1781173504269,"status":"read","replyTo":null,"reactions":{},"senderPfp":null}'::jsonb, '2026-06-11T10:25:04.269Z') ON CONFLICT DO NOTHING;
COMMIT;
